{"vertices":[0.050767,0,1,-0.050767,0,-1,-0.050767,0,1,0.050767,0,1,0.050767,0,-1,-0.050767,0,-1,1.000273,0,-0.045058,-1.000273,0,0.045058,0.999694,0,0.056474,1.000273,0,-0.045058,-0.999694,0,-0.056474,-1.000273,0,0.045058],"normals":[0,1,0,0,1,0,0,1,0,0,1,0,0,1,0,0,1,0,0,1,0,0,1,0,0,1,0,0,1,0,0,1,0,0,1,0],"texcoords":[1,1,0,0,0,1,1,1,1,0,0,0,1,1,0,0,0,1,1,1,1,0,0,0],"indices":[0,1,2,3,4,5,6,7,8,9,10,11]}